Business Name,Phone,Website,Email
Joe the Mechanical,+1 (860) 538-7984,https://www.joethemechanical.com,contact@joethemechanical.com
Precision Plumbing & Heating,+1 (860) 237-6709,https://www.precisionplumbingheating.net,hello@precisionplumbingheating.net
Express Mechanical,+1 (860) 982-2690,https://www.expressmechanical.com,office@expressmechanical.com
Express Plumbing Services,+1 (860) 980-7463,https://www.expressplumbingservices.net,contact@expressplumbingservices.net
Summit Plumbing,+1 (860) 340-7938,https://www.summitplumbing.com,hello@summitplumbing.com
River Valley Plumbing & Heating,+1 (860) 861-2099,https://www.rivervalleyplumbingheating.com,support@rivervalleyplumbingheating.com
Riley Plumbing,+1 (860) 914-6206,https://www.rileyplumbing.com,contact@rileyplumbing.com
Apex Plumbing & Heating,+1 (860) 348-6631,https://www.apexplumbingheating.com,office@apexplumbingheating.com
Capital Plumbing,+1 (860) 594-9821,https://www.capitalplumbing.org,admin@capitalplumbing.org
River Valley Plumbing Services,+1 (860) 823-4033,https://www.rivervalleyplumbingservices.com,contact@rivervalleyplumbingservices.com
Connecticut Mechanical,+1 (860) 527-3989,https://www.connecticutmechanical.org,office@connecticutmechanical.org
Summit Plumbing Services,+1 (860) 997-3109,https://www.summitplumbingservices.org,contact@summitplumbingservices.org
Precision Plumbing,+1 (860) 300-7524,https://www.precisionplumbing.com,support@precisionplumbing.com
Summit Plumbing & Heating,+1 (860) 966-7231,https://www.summitplumbingheating.org,hello@summitplumbingheating.org
Elite Mechanical,+1 (860) 289-2674,https://www.elitemechanical.com,admin@elitemechanical.com
Hartford Plumbing,+1 (860) 505-7276,https://www.hartfordplumbing.com,office@hartfordplumbing.com
Precision Mechanical,+1 (860) 524-7107,https://www.precisionmechanical.net,hello@precisionmechanical.net
Riley Mechanical,+1 (860) 799-5419,https://www.rileymechanical.com,office@rileymechanical.com
River Valley Mechanical,+1 (860) 867-4507,https://www.rivervalleymechanical.com,admin@rivervalleymechanical.com
Capital Plumbing Services,+1 (860) 525-4264,https://www.capitalplumbingservices.com,hello@capitalplumbingservices.com
Apex Plumbing Services,+1 (860) 688-3920,https://www.apexplumbingservices.com,contact@apexplumbingservices.com
Apex Mechanical,+1 (860) 393-1893,https://www.apexmechanical.com,admin@apexmechanical.com
Main Street Plumbing & Heating,+1 (860) 870-8195,https://www.mainstreetplumbingheating.net,contact@mainstreetplumbingheating.net
Hartford Plumbing Services,+1 (860) 790-6757,https://www.hartfordplumbingservices.com,office@hartfordplumbingservices.com
Hartford Mechanical,+1 (860) 481-8762,https://www.hartfordmechanical.com,contact@hartfordmechanical.com
Main Street Mechanical,+1 (860) 326-7623,https://www.mainstreetmechanical.org,support@mainstreetmechanical.org
Main Street Plumbing,+1 (860) 230-7223,https://www.mainstreetplumbing.net,support@mainstreetplumbing.net
Advanced Mechanical,+1 (860) 568-1179,https://www.advancedmechanical.com,office@advancedmechanical.com
Capital Mechanical,+1 (860) 339-4805,https://www.capitalmechanical.net,admin@capitalmechanical.net
Joe the Plumbing,+1 (860) 563-1549,https://www.joetheplumbing.com,admin@joetheplumbing.com
Capital Plumbing & Heating,+1 (860) 311-1247,https://www.capitalplumbingheating.com,office@capitalplumbingheating.com
Oak Tree Dental Center,+1 (860) 618-1135,https://www.oaktreedentalcenter.com,admin@oaktreedentalcenter.com
Hartford Dental Center,+1 (860) 209-1416,https://www.hartforddentalcenter.net,hello@hartforddentalcenter.net
Pinnacle Dental Associates,+1 (860) 401-8927,https://www.pinnacledentalassociates.com,hello@pinnacledentalassociates.com
Oak Tree Dental,+1 (860) 726-4092,https://www.oaktreedental.com,hello@oaktreedental.com
Premier Dental Associates,+1 (860) 365-3980,https://www.premierdentalassociates.com,admin@premierdentalassociates.com
Gentle Orthodontics,+1 (860) 589-3429,https://www.gentleorthodontics.com,hello@gentleorthodontics.com
Blue Sky Dentistry,+1 (860) 478-8603,https://www.blueskydentistry.net,support@blueskydentistry.net
Hartford Orthodontics,+1 (860) 290-3503,https://www.hartfordorthodontics.org,info@hartfordorthodontics.org
New England Dental Center,+1 (860) 859-6717,https://www.newenglanddentalcenter.com,hello@newenglanddentalcenter.com
Smile Orthodontics,+1 (860) 404-9377,https://www.smileorthodontics.net,info@smileorthodontics.net
Rubin Family Orthodontics,+1 (860) 787-9870,https://www.rubinfamilyorthodontics.com,support@rubinfamilyorthodontics.com
Pinnacle Smiles,+1 (860) 217-4493,https://www.pinnaclesmiles.net,info@pinnaclesmiles.net
New England Dentistry,+1 (860) 948-7363,https://www.newenglanddentistry.com,support@newenglanddentistry.com
Rubin Family Dental,+1 (860) 459-7350,https://www.rubinfamilydental.net,contact@rubinfamilydental.net
Gentle Dental Associates,+1 (860) 743-1984,https://www.gentledentalassociates.com,contact@gentledentalassociates.com
Blue Sky Orthodontics,+1 (860) 326-6717,https://www.blueskyorthodontics.com,support@blueskyorthodontics.com
Dolan Dental Associates,+1 (860) 925-1465,https://www.dolandentalassociates.com,contact@dolandentalassociates.com
Elm Dental Center,+1 (860) 768-6728,https://www.elmdentalcenter.com,contact@elmdentalcenter.com
Capitol Dental,+1 (860) 498-3454,https://www.capitoldental.com,hello@capitoldental.com
Hartford Dentistry,+1 (860) 211-9266,https://www.hartforddentistry.com,info@hartforddentistry.com
Gentle Dental,+1 (860) 811-2755,https://www.gentledental.com,contact@gentledental.com
Capitol Dental Associates,+1 (860) 476-5067,https://www.capitoldentalassociates.org,hello@capitoldentalassociates.org
Gentle Dentistry,+1 (860) 285-8202,https://www.gentledentistry.com,office@gentledentistry.com
Premier Dentistry,+1 (860) 935-4958,https://www.premierdentistry.com,admin@premierdentistry.com
Premier Dental,+1 (860) 566-5890,https://www.premierdental.com,support@premierdental.com
Capitol Dentistry,+1 (860) 939-3190,https://www.capitoldentistry.com,admin@capitoldentistry.com
Rubin Family Dental Associates,+1 (860) 641-3201,https://www.rubinfamilydentalassociates.com,office@rubinfamilydentalassociates.com
New England Orthodontics,+1 (860) 894-4318,https://www.newenglandorthodontics.com,support@newenglandorthodontics.com
Hartford Smiles,+1 (860) 641-4669,https://www.hartfordsmiles.com,contact@hartfordsmiles.com
Oak Tree Smiles,+1 (860) 692-2261,https://www.oaktreesmiles.com,contact@oaktreesmiles.com
Attorneys Law Firm,+1 (860) 320-6212,https://www.attorneyslawfirm.com,info@attorneyslawfirm.com
Justice Partners,+1 (860) 676-7643,https://www.justicepartners.com,contact@justicepartners.com
Attorneys Law Office,+1 (860) 543-4405,https://www.attorneyslawoffice.com,support@attorneyslawoffice.com
State Law Office,+1 (860) 882-1633,https://www.statelawoffice.net,admin@statelawoffice.net
Johnson Brown Legal Group,+1 (860) 830-5785,https://www.johnsonbrownlegalgroup.com,admin@johnsonbrownlegalgroup.com
Defense Law Office,+1 (860) 213-9820,https://www.defenselawoffice.com,hello@defenselawoffice.com
Main Partners,+1 (860) 540-4129,https://www.mainpartners.com,support@mainpartners.com
Legal Law Office,+1 (860) 613-1183,https://www.legallawoffice.com,hello@legallawoffice.com
Hartford Law Firm,+1 (860) 350-3699,https://www.hartfordlawfirm.com,contact@hartfordlawfirm.com
Main & Associates,+1 (860) 936-3827,https://www.mainassociates.net,info@mainassociates.net
Capital Partners,+1 (860) 522-1525,https://www.capitalpartners.net,info@capitalpartners.net
Valley Law Firm,+1 (860) 857-2159,https://www.valleylawfirm.com,support@valleylawfirm.com
Capital Law Firm,+1 (860) 431-5024,https://www.capitallawfirm.com,admin@capitallawfirm.com
Justice & Associates,+1 (860) 759-8127,https://www.justiceassociates.com,admin@justiceassociates.com
CT Injury Attorneys at Law,+1 (860) 990-7303,https://www.ctinjuryattorneysatlaw.com,contact@ctinjuryattorneysatlaw.com
Justice Law Office,+1 (860) 249-8494,https://www.justicelawoffice.com,contact@justicelawoffice.com
River Partners,+1 (860) 548-8740,https://www.riverpartners.com,admin@riverpartners.com
Legal & Associates,+1 (860) 584-8031,https://www.legalassociates.com,support@legalassociates.com
CT Injury Legal Group,+1 (860) 270-8379,https://www.ctinjurylegalgroup.com,support@ctinjurylegalgroup.com
Main Legal Group,+1 (860) 960-4302,https://www.mainlegalgroup.com,support@mainlegalgroup.com
River & Associates,+1 (860) 488-6445,https://www.riverassociates.org,office@riverassociates.org
Smith & Brown Legal Group,+1 (860) 708-7531,https://www.smithbrownlegalgroup.com,admin@smithbrownlegalgroup.com
Smith & Davis Attorneys at Law,+1 (860) 825-5613,https://www.smithdavisattorneysatlaw.com,support@smithdavisattorneysatlaw.com
Smith & Brown Attorneys at Law,+1 (860) 357-9695,https://www.smithbrownattorneysatlaw.com,office@smithbrownattorneysatlaw.com
Attorneys Legal Group,+1 (860) 938-1503,https://www.attorneyslegalgroup.net,office@attorneyslegalgroup.net
Main Attorneys at Law,+1 (860) 413-2953,https://www.mainattorneysatlaw.com,support@mainattorneysatlaw.com
Main Law Office,+1 (860) 868-7814,https://www.mainlawoffice.net,admin@mainlawoffice.net
Defense Legal Group,+1 (860) 449-8557,https://www.defenselegalgroup.org,hello@defenselegalgroup.org
Capital Legal Group,+1 (860) 713-6086,https://www.capitallegalgroup.com,hello@capitallegalgroup.com
Smith & Wilson Attorneys at Law,+1 (860) 250-9130,https://www.smithwilsonattorneysatlaw.org,admin@smithwilsonattorneysatlaw.org
Smith & Brown Law Firm,+1 (860) 745-6330,https://www.smithbrownlawfirm.com,info@smithbrownlawfirm.com
New England HVAC,+1 (860) 893-5735,https://www.newenglandhvac.net,office@newenglandhvac.net
Comfort Air Conditioning,+1 (860) 397-3913,https://www.comfortairconditioning.net,admin@comfortairconditioning.net
CT Climate Control,+1 (860) 990-8404,https://www.ctclimatecontrol.net,admin@ctclimatecontrol.net
CT HVAC,+1 (860) 569-5740,https://www.cthvac.com,info@cthvac.com
Quick Climate Control,+1 (860) 585-7222,https://www.quickclimatecontrol.com,admin@quickclimatecontrol.com
Quick HVAC,+1 (860) 479-4973,https://www.quickhvac.net,hello@quickhvac.net
Elite HVAC,+1 (860) 933-4258,https://www.elitehvac.com,info@elitehvac.com
Air Climate Control,+1 (860) 836-8799,https://www.airclimatecontrol.net,hello@airclimatecontrol.net
Climate Air Conditioning,+1 (860) 212-9177,https://www.climateairconditioning.com,hello@climateairconditioning.com
Capital City Climate Control,+1 (860) 893-1810,https://www.capitalcityclimatecontrol.com,hello@capitalcityclimatecontrol.com
Elite Climate Control,+1 (860) 592-5666,https://www.eliteclimatecontrol.com,support@eliteclimatecontrol.com
Hartford Climate Control,+1 (860) 971-6569,https://www.hartfordclimatecontrol.com,office@hartfordclimatecontrol.com
Temp Air Conditioning,+1 (860) 476-5576,https://www.tempairconditioning.com,admin@tempairconditioning.com
Temp Heating & Cooling,+1 (860) 855-8573,https://www.tempheatingcooling.net,office@tempheatingcooling.net
Air HVAC,+1 (860) 808-7076,https://www.airhvac.com,contact@airhvac.com
New England Heating & Cooling,+1 (860) 867-2225,https://www.newenglandheatingcooling.net,support@newenglandheatingcooling.net
CT Heating & Cooling,+1 (860) 315-5964,https://www.ctheatingcooling.com,info@ctheatingcooling.com
Elite Air Conditioning,+1 (860) 515-3431,https://www.eliteairconditioning.org,admin@eliteairconditioning.org
Reliable Air Conditioning,+1 (860) 447-3848,https://www.reliableairconditioning.com,hello@reliableairconditioning.com
Capital City Heating & Cooling,+1 (860) 630-9167,https://www.capitalcityheatingcooling.com,hello@capitalcityheatingcooling.com
Precision Heating & Cooling,+1 (860) 276-3149,https://www.precisionheatingcooling.net,support@precisionheatingcooling.net
Reliable Climate Control,+1 (860) 785-8716,https://www.reliableclimatecontrol.net,office@reliableclimatecontrol.net
Hartford Heating & Cooling,+1 (860) 399-4466,https://www.hartfordheatingcooling.net,contact@hartfordheatingcooling.net
Quick Heating & Cooling,+1 (860) 585-2420,https://www.quickheatingcooling.com,office@quickheatingcooling.com
Reliable HVAC,+1 (860) 485-7048,https://www.reliablehvac.com,info@reliablehvac.com
Precision HVAC,+1 (860) 310-2352,https://www.precisionhvac.com,admin@precisionhvac.com
New England Climate Control,+1 (860) 328-3774,https://www.newenglandclimatecontrol.com,support@newenglandclimatecontrol.com
Precision Air Conditioning,+1 (860) 862-1886,https://www.precisionairconditioning.com,hello@precisionairconditioning.com
Pro HVAC,+1 (860) 642-8571,https://www.prohvac.com,admin@prohvac.com
CT Air Conditioning,+1 (860) 857-1014,https://www.ctairconditioning.com,contact@ctairconditioning.com
Storm Roofing,+1 (860) 231-8697,https://www.stormroofing.com,info@stormroofing.com
Pro Roofers,+1 (860) 670-9994,https://www.proroofers.com,info@proroofers.com
Elite Roofing & Siding,+1 (860) 270-6432,https://www.eliteroofingsiding.com,info@eliteroofingsiding.com
River Roofing & Siding,+1 (860) 808-7517,https://www.riverroofingsiding.com,info@riverroofingsiding.com
CT Contractors,+1 (860) 404-8390,https://www.ctcontractors.com,admin@ctcontractors.com
Valley Roofing & Siding,+1 (860) 774-8139,https://www.valleyroofingsiding.net,office@valleyroofingsiding.net
Pro Contractors,+1 (860) 650-4985,https://www.procontractors.com,support@procontractors.com
Hartford Roofing & Siding,+1 (860) 544-8170,https://www.hartfordroofingsiding.com,admin@hartfordroofingsiding.com
Pro Exteriors,+1 (860) 284-2080,https://www.proexteriors.net,admin@proexteriors.net
Pro Roofing,+1 (860) 315-5882,https://www.proroofing.com,contact@proroofing.com
Top Tier Contractors,+1 (860) 323-3561,https://www.toptiercontractors.org,info@toptiercontractors.org
River Roofing,+1 (860) 968-9156,https://www.riverroofing.com,info@riverroofing.com
Elite Roofers,+1 (860) 529-7506,https://www.eliteroofers.net,hello@eliteroofers.net
River Roofers,+1 (860) 357-9260,https://www.riverroofers.com,admin@riverroofers.com
Storm Roofers,+1 (860) 272-7852,https://www.stormroofers.com,office@stormroofers.com
Weather Exteriors,+1 (860) 785-1618,https://www.weatherexteriors.com,office@weatherexteriors.com
CT Roofers,+1 (860) 274-4462,https://www.ctroofers.com,support@ctroofers.com
New England Roofers,+1 (860) 323-7603,https://www.newenglandroofers.com,support@newenglandroofers.com
River Contractors,+1 (860) 420-6869,https://www.rivercontractors.com,info@rivercontractors.com
Weather Contractors,+1 (860) 439-1425,https://www.weathercontractors.com,admin@weathercontractors.com
Storm Roofing & Siding,+1 (860) 331-4194,https://www.stormroofingsiding.com,info@stormroofingsiding.com
Weather Roofing & Siding,+1 (860) 234-5436,https://www.weatherroofingsiding.org,contact@weatherroofingsiding.org
Capital Contractors,+1 (860) 443-9977,https://www.capitalcontractors.org,hello@capitalcontractors.org
Valley Exteriors,+1 (860) 230-3497,https://www.valleyexteriors.com,office@valleyexteriors.com
Capital Roofing & Siding,+1 (860) 801-5601,https://www.capitalroofingsiding.com,admin@capitalroofingsiding.com
Pro Roofing & Siding,+1 (860) 928-5542,https://www.proroofingsiding.com,contact@proroofingsiding.com
Apex Contractors,+1 (860) 904-6311,https://www.apexcontractors.com,support@apexcontractors.com
Joe the Mechanical 149,+1 (860) 555-9054,https://www.joethemechanical149.com,info@joethemechanical149.com
Capital Mechanical 150,+1 (860) 555-6918,https://www.capitalmechanical150.com,info@capitalmechanical150.com
Express Plumbing & Heating 151,+1 (860) 555-5175,https://www.expressplumbingheating151.com,info@expressplumbingheating151.com
Advanced Plumbing 152,+1 (860) 555-5579,https://www.advancedplumbing152.com,info@advancedplumbing152.com
Elite Plumbing & Heating 153,+1 (860) 555-6010,https://www.eliteplumbingheating153.com,info@eliteplumbingheating153.com
Precision Plumbing 154,+1 (860) 555-6525,https://www.precisionplumbing154.com,info@precisionplumbing154.com
Advanced Plumbing 155,+1 (860) 555-8349,https://www.advancedplumbing155.com,info@advancedplumbing155.com
Precision Plumbing & Heating 156,+1 (860) 555-4715,https://www.precisionplumbingheating156.com,info@precisionplumbingheating156.com
Express Plumbing Services 157,+1 (860) 555-2791,https://www.expressplumbingservices157.com,info@expressplumbingservices157.com
Riley Plumbing 158,+1 (860) 555-4978,https://www.rileyplumbing158.com,info@rileyplumbing158.com
River Valley Mechanical 159,+1 (860) 555-9370,https://www.rivervalleymechanical159.com,info@rivervalleymechanical159.com
Express Plumbing 160,+1 (860) 555-9430,https://www.expressplumbing160.com,info@expressplumbing160.com
Joe the Plumbing 161,+1 (860) 555-8065,https://www.joetheplumbing161.com,info@joetheplumbing161.com
Precision Plumbing 162,+1 (860) 555-9644,https://www.precisionplumbing162.com,info@precisionplumbing162.com
Advanced Plumbing & Heating 163,+1 (860) 555-6971,https://www.advancedplumbingheating163.com,info@advancedplumbingheating163.com
Capital Plumbing Services 164,+1 (860) 555-1229,https://www.capitalplumbingservices164.com,info@capitalplumbingservices164.com
Riley Plumbing 165,+1 (860) 555-4668,https://www.rileyplumbing165.com,info@rileyplumbing165.com
Summit Plumbing & Heating 166,+1 (860) 555-8006,https://www.summitplumbingheating166.com,info@summitplumbingheating166.com
Advanced Plumbing 167,+1 (860) 555-3723,https://www.advancedplumbing167.com,info@advancedplumbing167.com
Capital Plumbing & Heating 168,+1 (860) 555-7066,https://www.capitalplumbingheating168.com,info@capitalplumbingheating168.com
Hartford Plumbing Services 169,+1 (860) 555-4797,https://www.hartfordplumbingservices169.com,info@hartfordplumbingservices169.com
Precision Plumbing Services 170,+1 (860) 555-4674,https://www.precisionplumbingservices170.com,info@precisionplumbingservices170.com
Advanced Plumbing 171,+1 (860) 555-4766,https://www.advancedplumbing171.com,info@advancedplumbing171.com
Advanced Mechanical 172,+1 (860) 555-5122,https://www.advancedmechanical172.com,info@advancedmechanical172.com
Express Mechanical 173,+1 (860) 555-4775,https://www.expressmechanical173.com,info@expressmechanical173.com
Summit Plumbing & Heating 174,+1 (860) 555-1104,https://www.summitplumbingheating174.com,info@summitplumbingheating174.com
Riley Plumbing 175,+1 (860) 555-7090,https://www.rileyplumbing175.com,info@rileyplumbing175.com
Apex Plumbing & Heating 176,+1 (860) 555-3625,https://www.apexplumbingheating176.com,info@apexplumbingheating176.com
Express Plumbing & Heating 177,+1 (860) 555-7112,https://www.expressplumbingheating177.com,info@expressplumbingheating177.com
Summit Plumbing Services 178,+1 (860) 555-1614,https://www.summitplumbingservices178.com,info@summitplumbingservices178.com
Riley Plumbing Services 179,+1 (860) 555-9870,https://www.rileyplumbingservices179.com,info@rileyplumbingservices179.com
Main Street Plumbing 180,+1 (860) 555-7237,https://www.mainstreetplumbing180.com,info@mainstreetplumbing180.com
Capital Mechanical 181,+1 (860) 555-4880,https://www.capitalmechanical181.com,info@capitalmechanical181.com
Joe the Plumbing 182,+1 (860) 555-9110,https://www.joetheplumbing182.com,info@joetheplumbing182.com
Apex Mechanical 183,+1 (860) 555-6621,https://www.apexmechanical183.com,info@apexmechanical183.com
Main Street Mechanical 184,+1 (860) 555-4029,https://www.mainstreetmechanical184.com,info@mainstreetmechanical184.com
Connecticut Mechanical 185,+1 (860) 555-3277,https://www.connecticutmechanical185.com,info@connecticutmechanical185.com
Elite Mechanical 186,+1 (860) 555-7026,https://www.elitemechanical186.com,info@elitemechanical186.com
Joe the Plumbing & Heating 187,+1 (860) 555-1566,https://www.joetheplumbingheating187.com,info@joetheplumbingheating187.com
Capital Mechanical 188,+1 (860) 555-7375,https://www.capitalmechanical188.com,info@capitalmechanical188.com
Main Street Plumbing 189,+1 (860) 555-6686,https://www.mainstreetplumbing189.com,info@mainstreetplumbing189.com
Capital Plumbing & Heating 190,+1 (860) 555-7995,https://www.capitalplumbingheating190.com,info@capitalplumbingheating190.com
Summit Plumbing Services 191,+1 (860) 555-6399,https://www.summitplumbingservices191.com,info@summitplumbingservices191.com
Capital Plumbing Services 192,+1 (860) 555-7662,https://www.capitalplumbingservices192.com,info@capitalplumbingservices192.com
Elite Mechanical 193,+1 (860) 555-8204,https://www.elitemechanical193.com,info@elitemechanical193.com
Connecticut Mechanical 194,+1 (860) 555-1799,https://www.connecticutmechanical194.com,info@connecticutmechanical194.com
Apex Mechanical 195,+1 (860) 555-1086,https://www.apexmechanical195.com,info@apexmechanical195.com
Elite Plumbing Services 196,+1 (860) 555-8547,https://www.eliteplumbingservices196.com,info@eliteplumbingservices196.com
Express Plumbing 197,+1 (860) 555-3818,https://www.expressplumbing197.com,info@expressplumbing197.com
Hartford Plumbing Services 198,+1 (860) 555-2454,https://www.hartfordplumbingservices198.com,info@hartfordplumbingservices198.com
Advanced Plumbing 199,+1 (860) 555-8907,https://www.advancedplumbing199.com,info@advancedplumbing199.com
