Business Name,Phone,Website,Email
Elite Plumbing & Mechanical Services,(860) 584-8844,elitemech.com,paul@elitemech.com
Escape Plumbing & Heating,(860) 567-8020,escapeplumbing.com,info@escapeplumbing.com
Joe the Plumber,,calljoetheplumber.com,support@calljoetheplumber.com
Express Water Heater & Plumbing,(860) 532-4152,expresswaterheaterandplumbing.com,contact@expresswaterheaterandplumbing.com
Riley Plumbing & Heating,(860) 225-1534,rileyplumbingcompany.com,info@rileyplumbingcompany.com
Dolan Dental,,dolandental.com,info@dolandental.com
Pinnacle Dental,,pinnacledentalct.com,contact@pinnacledentalct.com
New England Dental Center,,nedentalcenter.com,info@nedentalcenter.com
Premier Dental of Connecticut,,premierdentalconnecticut.com,office@premierdentalconnecticut.com
Rubin Family Dentistry & Associates,,rubin-family-dentistry.com,hello@rubin-family-dentistry.com
